Driver,LapNumber,GapTime
RUS,0.667,0.0
NOR,0.667,1.1400000000000001
LEC,0.667,1.75
PIA,0.667,2.75
ANT,0.667,2.39
VER,0.667,2.859
HAM,0.667,3.555
GAS,0.667,4.313
BOR,0.667,4.805
LIN,0.667,5.358
LAW,0.667,5.539
TSU,0.667,6.533
COL,0.667,6.231
HUL,0.667,8.314
OCO,0.667,6.97
ALB,0.667,7.845
BEA,0.667,7.361
STR,0.667,8.47
BOT,0.667,9.104
PER,0.667,205.475
SAI,0.667,11.989
ALO,0.667,12.523
RUS,1.000,0.0
NOR,1.000,1.141
LEC,1.000,1.669
PIA,1.000,2.975
ANT,1.000,2.392
VER,1.000,3.412
HAM,1.000,3.993
GAS,1.000,4.763
BOR,1.000,5.253
LIN,1.000,6.2780000000000005
LAW,1.000,6.834
TSU,1.000,7.609
COL,1.000,7.11
HUL,1.000,9.773
OCO,1.000,8.046
ALB,1.000,9.081
BEA,1.000,8.636
STR,1.000,9.846
BOT,1.000,10.336
PER,1.000,210.792
SAI,1.000,12.469
ALO,1.000,13.001
RUS,1.333,0.0
NOR,1.333,1.285
LEC,1.333,1.932
PIA,1.333,3.008
ANT,1.333,2.248
VER,1.333,3.559
HAM,1.333,4.505
GAS,1.333,5.727
BOR,1.333,6.067
LIN,1.333,6.939
LAW,1.333,7.673
TSU,1.333,8.567
COL,1.333,8.358
HUL,1.333,11.866
OCO,1.333,9.422
ALB,1.333,10.281
BEA,1.333,9.596
STR,1.333,10.879
BOT,1.333,12.079
PER,1.333,212.507
SAI,1.333,12.957
ALO,1.333,13.521
RUS,1.667,0.0
NOR,1.667,1.194
LEC,1.667,2.125
PIA,1.667,3.426
ANT,1.667,2.649
VER,1.667,4.154
HAM,1.667,5.123
GAS,1.667,6.636
BOR,1.667,7.305
LIN,1.667,8.019
LAW,1.667,8.783
TSU,1.667,10.05
COL,1.667,9.49
HUL,1.667,13.782
OCO,1.667,10.781
ALB,1.667,11.957
BEA,1.667,11.305
STR,1.667,12.429
BOT,1.667,14.274000000000001
PER,1.667,213.392
SAI,1.667,14.612
ALO,1.667,14.706
RUS,2.000,0.0
NOR,2.000,1.2429999999999999
LEC,2.000,1.915
PIA,2.000,3.551
ANT,2.000,2.7279999999999998
VER,2.000,4.621
HAM,2.000,5.392
GAS,2.000,7.058
BOR,2.000,7.607
LIN,2.000,8.632
LAW,2.000,9.506
TSU,2.000,10.651
COL,2.000,10.016
HUL,2.000,14.953
OCO,2.000,11.423
ALB,2.000,12.807
BEA,2.000,11.993
STR,2.000,13.121
BOT,2.000,14.992
PER,2.000,213.957
SAI,2.000,16.406
ALO,2.000,15.874
RUS,2.333,0.0
NOR,2.333,1.287
LEC,2.333,2.002
PIA,2.333,3.417
ANT,2.333,2.593
VER,2.333,4.9399999999999995
HAM,2.333,5.649
GAS,2.333,7.735
BOR,2.333,8.248
LIN,2.333,9.202
LAW,2.333,10.202
TSU,2.333,11.442
COL,2.333,10.913
HUL,2.333,17.704
OCO,2.333,12.395
ALB,2.333,13.772
BEA,2.333,12.587
STR,2.333,14.211
BOT,2.333,16.065
PER,2.333,214.613
SAI,2.333,17.819
ALO,2.333,17.345
RUS,2.667,0.0
NOR,2.667,1.127
LEC,2.667,1.9769999999999999
PIA,2.667,3.404
ANT,2.667,2.648
VER,2.667,5.097
HAM,2.667,5.775
GAS,2.667,8.265
BOR,2.667,8.896
LIN,2.667,9.879
LAW,2.667,10.727
TSU,2.667,12.466
COL,2.667,11.767
HUL,2.667,19.096
OCO,2.667,13.519
ALB,2.667,15.045
BEA,2.667,13.931000000000001
STR,2.667,15.522
BOT,2.667,17.158
PER,2.667,215.487
SAI,2.667,19.646
ALO,2.667,18.088
RUS,3.000,0.0
NOR,3.000,1.08
LEC,3.000,1.933
PIA,3.000,3.596
ANT,3.000,2.672
VER,3.000,5.218
HAM,3.000,5.802
GAS,3.000,8.674
BOR,3.000,9.318
LIN,3.000,10.455
LAW,3.000,11.267
TSU,3.000,12.956
COL,3.000,12.353
HUL,3.000,20.24
OCO,3.000,14.005
ALB,3.000,15.67
BEA,3.000,14.627
STR,3.000,16.206
BOT,3.000,17.701999999999998
PER,3.000,216.14
SAI,3.000,20.425
ALO,3.000,18.83
RUS,3.333,0.0
NOR,3.333,1.036
LEC,3.333,1.871
PIA,3.333,3.355
ANT,3.333,2.289
VER,3.333,5.234
HAM,3.333,5.939
GAS,3.333,9.171
BOR,3.333,9.881
LIN,3.333,10.839
LAW,3.333,11.609
TSU,3.333,13.259
COL,3.333,12.619
HUL,3.333,22.167
OCO,3.333,14.451
ALB,3.333,16.386
BEA,3.333,15.105
STR,3.333,16.901
BOT,3.333,18.575
PER,3.333,217.042
SAI,3.333,21.011
ALO,3.333,19.507
RUS,3.667,0.0
NOR,3.667,0.974
LEC,3.667,1.7530000000000001
PIA,3.667,3.409
ANT,3.667,2.411
VER,3.667,5.459
HAM,3.667,6.291
GAS,3.667,9.914
BOR,3.667,10.665
LIN,3.667,11.669
LAW,3.667,12.474
TSU,3.667,14.141
COL,3.667,13.389
HUL,3.667,23.181
OCO,3.667,15.391
ALB,3.667,17.646
BEA,3.667,16.147
STR,3.667,17.912
BOT,3.667,19.634
PER,3.667,217.976
SAI,3.667,22.166
ALO,3.667,20.301
RUS,4.000,0.0
NOR,4.000,0.889
LEC,4.000,1.604
PIA,4.000,3.512
ANT,4.000,2.214
VER,4.000,5.677
HAM,4.000,6.371
GAS,4.000,10.181
BOR,4.000,10.993
LIN,4.000,12.053
LAW,4.000,12.876
TSU,4.000,14.433
COL,4.000,13.623
HUL,4.000,23.829
OCO,4.000,15.695
ALB,4.000,18.078
BEA,4.000,16.581
STR,4.000,18.637
BOT,4.000,20.074
PER,4.000,218.61
SAI,4.000,22.689
ALO,4.000,20.831
RUS,4.333,0.0
NOR,4.333,0.986
LEC,4.333,1.8050000000000002
PIA,4.333,3.6790000000000003
ANT,4.333,2.125
VER,4.333,6.11
HAM,4.333,6.642
GAS,4.333,10.91
BOR,4.333,11.667
LIN,4.333,12.712
LAW,4.333,13.653
TSU,4.333,14.931000000000001
COL,4.333,14.266
HUL,4.333,25.471
OCO,4.333,16.382
ALB,4.333,18.986
BEA,4.333,17.131
STR,4.333,19.643
BOT,4.333,21.118
PER,4.333,219.599
SAI,4.333,23.361
ALO,4.333,21.574
RUS,4.667,0.0
NOR,4.667,0.86
LEC,4.667,1.838
PIA,4.667,3.822
ANT,4.667,2.346
VER,4.667,6.311
HAM,4.667,6.941
GAS,4.667,11.818999999999999
BOR,4.667,12.558
LIN,4.667,13.619
LAW,4.667,14.458
TSU,4.667,15.858
COL,4.667,15.161
HUL,4.667,26.437
OCO,4.667,17.389
ALB,4.667,20.376
BEA,4.667,18.282
STR,4.667,20.959
BOT,4.667,22.389
PER,4.667,220.768
SAI,4.667,24.632
ALO,4.667,22.821
RUS,5.000,0.0
NOR,5.000,0.834
LEC,5.000,1.717
PIA,5.000,4.022
ANT,5.000,2.311
VER,5.000,6.489
HAM,5.000,6.992
GAS,5.000,12.169
BOR,5.000,12.979
LIN,5.000,14.003
LAW,5.000,14.963
TSU,5.000,16.454
COL,5.000,15.487
HUL,5.000,33.321
OCO,5.000,17.97
ALB,5.000,20.852
BEA,5.000,18.782
STR,5.000,21.755
BOT,5.000,22.848
PER,5.000,221.495
SAI,5.000,25.184
ALO,5.000,23.472
RUS,5.333,0.0
NOR,5.333,0.84
LEC,5.333,1.8439999999999999
PIA,5.333,4.129
ANT,5.333,2.3970000000000002
VER,5.333,6.849
HAM,5.333,7.49
GAS,5.333,12.913
BOR,5.333,13.614
LIN,5.333,14.593
LAW,5.333,15.583
TSU,5.333,16.89
COL,5.333,16.083
HUL,5.333,
OCO,5.333,18.759
ALB,5.333,21.755
BEA,5.333,19.447
STR,5.333,22.816
BOT,5.333,23.766
PER,5.333,222.578
SAI,5.333,26.01
ALO,5.333,24.2
RUS,5.667,0.0
NOR,5.667,0.871
LEC,5.667,2.076
PIA,5.667,4.14
ANT,5.667,2.763
VER,5.667,6.8870000000000005
HAM,5.667,7.835
GAS,5.667,13.579
BOR,5.667,14.385
LIN,5.667,15.426
LAW,5.667,16.323
TSU,5.667,17.74
COL,5.667,17.2
HUL,5.667,1308.874
OCO,5.667,19.653
ALB,5.667,23.054
BEA,5.667,20.554
STR,5.667,23.713
BOT,5.667,25.204
PER,5.667,223.67
SAI,5.667,27.17
ALO,5.667,25.345
RUS,6.000,0.0
NOR,6.000,1.061
LEC,6.000,2.201
PIA,6.000,4.594
ANT,6.000,2.777
VER,6.000,7.074
HAM,6.000,8.204
GAS,6.000,14.08
BOR,6.000,14.837
LIN,6.000,15.945
LAW,6.000,16.756
TSU,6.000,18.287
COL,6.000,17.974
HUL,6.000,1310.23
OCO,6.000,20.128
ALB,6.000,23.591
BEA,6.000,21.19
STR,6.000,24.43
BOT,6.000,25.834
PER,6.000,224.411
SAI,6.000,27.81
ALO,6.000,26.237
RUS,6.333,0.0
NOR,6.333,0.986
LEC,6.333,2.179
PIA,6.333,4.939
ANT,6.333,2.731
VER,6.333,7.282
HAM,6.333,8.304
GAS,6.333,14.641
BOR,6.333,15.367
LIN,6.333,16.458
LAW,6.333,17.152
TSU,6.333,18.777
COL,6.333,18.346
HUL,6.333,1311.497
OCO,6.333,20.705
ALB,6.333,24.231
BEA,6.333,21.801
STR,6.333,25.159
BOT,6.333,26.681
PER,6.333,225.368
SAI,6.333,28.432
ALO,6.333,26.944
RUS,6.667,0.0
NOR,6.667,0.947
LEC,6.667,2.097
PIA,6.667,4.976
ANT,6.667,2.926
VER,6.667,7.27
HAM,6.667,8.474
GAS,6.667,15.133
BOR,6.667,16.09
LIN,6.667,17.171
LAW,6.667,17.904
TSU,6.667,19.743
COL,6.667,19.132
HUL,6.667,1311.677
OCO,6.667,21.564
ALB,6.667,25.305
BEA,6.667,22.662
STR,6.667,26.036
BOT,6.667,28.004
PER,6.667,236.622
SAI,6.667,29.803
ALO,6.667,28.13
RUS,7.000,0.0
NOR,7.000,0.979
LEC,7.000,1.979
PIA,7.000,5.116
ANT,7.000,2.781
VER,7.000,7.289
HAM,7.000,8.586
GAS,7.000,15.477
BOR,7.000,16.444
LIN,7.000,17.426
LAW,7.000,18.253
TSU,7.000,20.203
COL,7.000,19.415
HUL,7.000,1312.157
OCO,7.000,21.914
ALB,7.000,25.606
BEA,7.000,23.081
STR,7.000,26.492
BOT,7.000,28.687
PER,7.000,238.814
SAI,7.000,30.425
ALO,7.000,29.048
RUS,7.333,0.0
NOR,7.333,0.979
LEC,7.333,1.979
PIA,7.333,5.152
ANT,7.333,2.552
VER,7.333,7.334
HAM,7.333,8.855
GAS,7.333,16.297
BOR,7.333,17.069
LIN,7.333,17.97
LAW,7.333,18.807
TSU,7.333,20.737
COL,7.333,20.016
OCO,7.333,22.658
ALB,7.333,26.53
BEA,7.333,23.722
STR,7.333,27.29
BOT,7.333,29.713
PER,7.333,239.846
SAI,7.333,31.084
ALO,7.333,30.059
RUS,7.667,0.0
NOR,7.667,0.939
LEC,7.667,2.006
PIA,7.667,5.114
ANT,7.667,2.774
VER,7.667,7.379
HAM,7.667,9.286
GAS,7.667,17.344
BOR,7.667,18.015
LIN,7.667,18.936
LAW,7.667,19.764
TSU,7.667,21.722
COL,7.667,21.072
OCO,7.667,23.633
ALB,7.667,27.755
BEA,7.667,24.766
STR,7.667,28.232
BOT,7.667,31.124
PER,7.667,241.129
SAI,7.667,32.682
ALO,7.667,31.391
RUS,8.000,0.0
NOR,8.000,1.121
LEC,8.000,2.044
PIA,8.000,5.377
ANT,8.000,2.651
VER,8.000,7.435
HAM,8.000,9.533
GAS,8.000,17.753
BOR,8.000,18.51
LIN,8.000,19.439
LAW,8.000,20.349
TSU,8.000,22.299
COL,8.000,21.607
OCO,8.000,24.27
ALB,8.000,28.186
BEA,8.000,25.273
STR,8.000,28.908
BOT,8.000,31.717
PER,8.000,241.909
SAI,8.000,33.337
ALO,8.000,32.245
RUS,8.333,0.0
NOR,8.333,1.052
LEC,8.333,2.1310000000000002
PIA,8.333,5.527
ANT,8.333,2.75
VER,8.333,7.568
HAM,8.333,9.77
GAS,8.333,18.299
BOR,8.333,19.247
LIN,8.333,20.035
LAW,8.333,20.823
TSU,8.333,22.854
COL,8.333,22.248
OCO,8.333,24.816
ALB,8.333,29.204
BEA,8.333,25.91
STR,8.333,29.766
BOT,8.333,32.755
PER,8.333,242.833
SAI,8.333,34.064
ALO,8.333,33.129
RUS,8.667,0.0
NOR,8.667,1.063
LEC,8.667,2.066
PIA,8.667,5.434
ANT,8.667,2.876
VER,8.667,7.534
HAM,8.667,9.721
GAS,8.667,18.884
BOR,8.667,19.768
LIN,8.667,20.616
LAW,8.667,21.387
TSU,8.667,23.534
COL,8.667,22.958
OCO,8.667,25.608
ALB,8.667,29.954
BEA,8.667,26.815
STR,8.667,30.576
BOT,8.667,33.803
PER,8.667,243.754
SAI,8.667,35.303
ALO,8.667,33.779
RUS,9.000,0.0
NOR,9.000,1.292
LEC,9.000,2.034
PIA,9.000,5.727
ANT,9.000,2.9210000000000003
VER,9.000,7.6850000000000005
HAM,9.000,9.827
GAS,9.000,19.22
BOR,9.000,20.154
LIN,9.000,20.932
LAW,9.000,21.811
TSU,9.000,24.033
COL,9.000,23.315
OCO,9.000,26.106
ALB,9.000,30.36
BEA,9.000,27.247
STR,9.000,31.198
BOT,9.000,35.365
PER,9.000,244.433
SAI,9.000,36.058
ALO,9.000,34.979
RUS,9.333,0.0
NOR,9.333,1.634
LEC,9.333,2.261
PIA,9.333,5.774
ANT,9.333,2.716
VER,9.333,7.642
HAM,9.333,10.003
GAS,9.333,19.714
BOR,9.333,20.713
LIN,9.333,21.394
LAW,9.333,22.135
TSU,9.333,24.655
COL,9.333,24.09
OCO,9.333,26.619
ALB,9.333,31.1
BEA,9.333,
STR,9.333,31.838
BOT,9.333,36.8
PER,9.333,245.368
SAI,9.333,37.254
ALO,9.333,35.702
RUS,9.667,0.0
NOR,9.667,1.51
LEC,9.667,2.305
PIA,9.667,5.674
ANT,9.667,3.11
VER,9.667,7.611
HAM,9.667,9.987
GAS,9.667,20.271
BOR,9.667,21.218
LIN,9.667,22.187
LAW,9.667,22.802
TSU,9.667,25.546
COL,9.667,24.932
OCO,9.667,27.446
ALB,9.667,32.007
BEA,9.667,28.507
STR,9.667,32.573
BOT,9.667,38.08
PER,9.667,246.28
SAI,9.667,38.996
ALO,9.667,36.228
RUS,10.000,0.0
NOR,10.000,1.738
LEC,10.000,2.341
PIA,10.000,5.974
ANT,10.000,3.178
VER,10.000,7.845
HAM,10.000,10.153
GAS,10.000,20.613
BOR,10.000,21.634
LIN,10.000,22.692
LAW,10.000,23.314
TSU,10.000,26.05
COL,10.000,25.421
OCO,10.000,28.072
ALB,10.000,32.572
BEA,10.000,29.018
STR,10.000,33.295
BOT,10.000,38.855
PER,10.000,247.11
SAI,10.000,39.788
ALO,10.000,36.915
RUS,10.333,0.0
NOR,10.333,1.713
LEC,10.333,2.422
PIA,10.333,6.204
ANT,10.333,3.016
VER,10.333,7.912
HAM,10.333,10.289
GAS,10.333,21.153
BOR,10.333,22.211
LIN,10.333,23.189
LAW,10.333,23.748
TSU,10.333,26.61
COL,10.333,25.907
OCO,10.333,28.766
ALB,10.333,33.44
BEA,10.333,29.764
STR,10.333,34.18
BOT,10.333,39.964
PER,10.333,247.961
SAI,10.333,40.632
ALO,10.333,37.8
RUS,10.667,0.0
NOR,10.667,1.54
LEC,10.667,2.267
PIA,10.667,6.129
ANT,10.667,3.073
VER,10.667,7.766
HAM,10.667,10.038
GAS,10.667,21.496
BOR,10.667,22.677
LIN,10.667,23.814
LAW,10.667,24.466
TSU,10.667,27.384
COL,10.667,26.591
OCO,10.667,29.426
ALB,10.667,34.275
BEA,10.667,30.697
STR,10.667,34.791
BOT,10.667,40.994
PER,10.667,249.128
SAI,10.667,42.117
ALO,10.667,38.229
RUS,11.000,0.0
NOR,11.000,1.708
LEC,11.000,2.196
PIA,11.000,6.159
ANT,11.000,2.904
VER,11.000,7.665
HAM,11.000,9.902
GAS,11.000,21.615
BOR,11.000,22.847
LIN,11.000,24.081
LAW,11.000,24.714
TSU,11.000,27.854
COL,11.000,26.899
OCO,11.000,29.891
ALB,11.000,34.667
BEA,11.000,30.99
STR,11.000,35.283
BOT,11.000,41.567
PER,11.000,249.652
SAI,11.000,42.667
ALO,11.000,38.664
RUS,11.333,0.0
NOR,11.333,1.662
LEC,11.333,2.307
PIA,11.333,6.543
ANT,11.333,2.917
VER,11.333,7.776
HAM,11.333,9.999
GAS,11.333,22.025
BOR,11.333,23.466
LIN,11.333,24.634
LAW,11.333,25.394
TSU,11.333,28.453
COL,11.333,27.405
OCO,11.333,30.66
ALB,11.333,35.557
BEA,11.333,31.665
STR,11.333,36.116
BOT,11.333,42.64
PER,11.333,250.422
SAI,11.333,47.297
ALO,11.333,39.26
RUS,11.667,0.0
NOR,11.667,1.445
LEC,11.667,2.24
PIA,11.667,6.6690000000000005
ANT,11.667,3.1390000000000002
VER,11.667,7.784
HAM,11.667,9.938
GAS,11.667,22.619
BOR,11.667,24.067
LIN,11.667,25.398
LAW,11.667,25.97
TSU,11.667,29.192
COL,11.667,28.273
OCO,11.667,31.539
ALB,11.667,36.788
BEA,11.667,32.597
STR,11.667,37.175
BOT,11.667,43.866
PER,11.667,251.509
SAI,11.667,49.093
ALO,11.667,39.802
RUS,12.000,0.0
NOR,12.000,1.455
LEC,12.000,1.9489999999999998
PIA,12.000,6.832
ANT,12.000,2.8289999999999997
VER,12.000,7.644
HAM,12.000,9.786
GAS,12.000,22.686
BOR,12.000,24.246
LIN,12.000,25.563
LAW,12.000,26.204
TSU,12.000,29.291
COL,12.000,28.4
OCO,12.000,31.763
ALB,12.000,37.163
BEA,12.000,32.811
STR,12.000,37.879
BOT,12.000,44.35
PER,12.000,251.973
SAI,12.000,49.547
ALO,12.000,40.104
RUS,12.333,0.0
NOR,12.333,1.4929999999999999
LEC,12.333,2.033
PIA,12.333,7.031
ANT,12.333,2.646
VER,12.333,7.724
HAM,12.333,9.678
GAS,12.333,23.209
BOR,12.333,24.849
LIN,12.333,26.005
LAW,12.333,26.685
TSU,12.333,29.95
COL,12.333,28.981
OCO,12.333,32.323
ALB,12.333,37.995
BEA,12.333,33.39
STR,12.333,38.605
BOT,12.333,45.373
PER,12.333,252.72
SAI,12.333,50.153
ALO,12.333,
RUS,12.667,0.0
NOR,12.667,1.33
LEC,12.667,2.092
PIA,12.667,7.063
ANT,12.667,2.878
VER,12.667,7.894
HAM,12.667,9.537
GAS,12.667,23.829
BOR,12.667,25.423
LIN,12.667,26.681
LAW,12.667,27.31
TSU,12.667,30.794
COL,12.667,29.935
OCO,12.667,33.258
ALB,12.667,39.231
BEA,12.667,34.296
STR,12.667,39.786
BOT,12.667,46.719
PER,12.667,253.683
SAI,12.667,51.316
ALO,12.667,41.339
RUS,13.000,0.0
NOR,13.000,1.5819999999999999
LEC,13.000,2.075
PIA,13.000,7.254
ANT,13.000,2.933
VER,13.000,8.06
HAM,13.000,9.692
GAS,13.000,24.321
BOR,13.000,25.928
LIN,13.000,27.02
LAW,13.000,27.749
TSU,13.000,31.422
COL,13.000,30.441
OCO,13.000,33.973
ALB,13.000,39.861
BEA,13.000,34.919
STR,13.000,40.572
BOT,13.000,47.486
PER,13.000,254.543
SAI,13.000,52.079
ALO,13.000,42.012
RUS,13.333,0.0
NOR,13.333,1.584
LEC,13.333,2.328
PIA,13.333,7.344
ANT,13.333,2.886
VER,13.333,8.182
HAM,13.333,9.806000000000001
GAS,13.333,24.92
BOR,13.333,26.624
LIN,13.333,27.575
LAW,13.333,28.326
TSU,13.333,31.971
COL,13.333,30.839
OCO,13.333,34.552
ALB,13.333,40.633
BEA,13.333,35.475
STR,13.333,41.53
BOT,13.333,48.579
PER,13.333,255.336
SAI,13.333,53.084
ALO,13.333,42.613
RUS,13.667,0.0
NOR,13.667,1.345
LEC,13.667,2.374
PIA,13.667,7.253
ANT,13.667,3.079
VER,13.667,8.383
HAM,13.667,9.679
GAS,13.667,25.588
BOR,13.667,27.066
LIN,13.667,28.267
LAW,13.667,28.944
TSU,13.667,32.695
COL,13.667,31.753
OCO,13.667,35.377
ALB,13.667,42.011
BEA,13.667,36.448
STR,13.667,42.52
BOT,13.667,49.729
PER,13.667,256.44
SAI,13.667,54.291
ALO,13.667,43.378
RUS,14.000,0.0
NOR,14.000,1.48
LEC,14.000,2.24
PIA,14.000,7.443
ANT,14.000,2.98
VER,14.000,8.545
HAM,14.000,9.68
GAS,14.000,25.887
BOR,14.000,27.371
LIN,14.000,28.731
LAW,14.000,29.259
TSU,14.000,33.206
COL,14.000,32.163
OCO,14.000,35.793
ALB,14.000,42.389
BEA,14.000,36.763
STR,14.000,43.096
BOT,14.000,50.406
PER,14.000,257.104
SAI,14.000,54.892
ALO,14.000,43.966
RUS,14.333,0.0
NOR,14.333,1.2610000000000001
LEC,14.333,2.031
PIA,14.333,7.357
ANT,14.333,2.729
VER,14.333,8.63
HAM,14.333,9.475
GAS,14.333,26.13
BOR,14.333,27.635
LIN,14.333,29.042
LAW,14.333,29.716
TSU,14.333,33.544
COL,14.333,32.4
OCO,14.333,36.173
ALB,14.333,43.098
BEA,14.333,37.305
STR,14.333,43.572
BOT,14.333,51.361
PER,14.333,257.766
SAI,14.333,55.514
ALO,14.333,44.464
RUS,14.667,0.0
NOR,14.667,1.096
LEC,14.667,1.9649999999999999
PIA,14.667,7.426
ANT,14.667,2.859
VER,14.667,8.779
HAM,14.667,9.593
GAS,14.667,26.788
BOR,14.667,28.0
LIN,14.667,29.829
LAW,14.667,30.508
TSU,14.667,34.324
COL,14.667,33.23
OCO,14.667,37.052
ALB,14.667,44.117
BEA,14.667,38.272
STR,14.667,44.616
BOT,14.667,52.54
PER,14.667,258.85
SAI,14.667,56.722
ALO,14.667,45.145
RUS,15.000,0.0
NOR,15.000,1.221
LEC,15.000,1.837
PIA,15.000,7.461
ANT,15.000,2.65
VER,15.000,8.841
HAM,15.000,9.551
GAS,15.000,27.183
BOR,15.000,28.285
LIN,15.000,30.096
LAW,15.000,30.914
TSU,15.000,34.774
COL,15.000,33.486
OCO,15.000,37.425
ALB,15.000,44.625
BEA,15.000,38.65
STR,15.000,45.431
BOT,15.000,53.198
PER,15.000,265.078
SAI,15.000,57.362
ALO,15.000,45.639
RUS,15.333,0.0
NOR,15.333,1.099
LEC,15.333,1.759
PIA,15.333,7.35
ANT,15.333,2.392
VER,15.333,8.83
HAM,15.333,9.514
GAS,15.333,27.526
BOR,15.333,28.733
LIN,15.333,30.527
LAW,15.333,31.446
TSU,15.333,35.166
COL,15.333,33.877
OCO,15.333,37.847
ALB,15.333,45.303
BEA,15.333,39.304
STR,15.333,46.144
BOT,15.333,54.203
PER,15.333,265.818
SAI,15.333,58.17
ALO,15.333,46.681
RUS,15.667,0.0
NOR,15.667,1.082
LEC,15.667,1.8780000000000001
PIA,15.667,7.18
ANT,15.667,2.683
VER,15.667,8.784
HAM,15.667,9.799
GAS,15.667,28.252
BOR,15.667,29.323
LIN,15.667,31.178
LAW,15.667,32.144
TSU,15.667,35.876
COL,15.667,34.807
OCO,15.667,38.782
ALB,15.667,46.668
BEA,15.667,40.11
STR,15.667,47.092
BOT,15.667,55.491
PER,15.667,267.085
SAI,15.667,59.629
ALO,15.667,47.643
RUS,16.000,0.0
NOR,16.000,1.263
LEC,16.000,1.694
PIA,16.000,7.353
ANT,16.000,2.737
VER,16.000,8.835
HAM,16.000,9.837
GAS,16.000,28.528
BOR,16.000,29.575
LIN,16.000,31.387
LAW,16.000,32.472
TSU,16.000,36.247
COL,16.000,35.069
OCO,16.000,39.191
ALB,16.000,47.09
BEA,16.000,40.387
STR,16.000,47.772
BOT,16.000,56.086
PER,16.000,267.669
SAI,16.000,64.39
ALO,16.000,48.195
RUS,16.333,0.0
NOR,16.333,1.1219999999999999
LEC,16.333,1.673
PIA,16.333,7.619
ANT,16.333,2.61
VER,16.333,9.033
HAM,16.333,9.792
GAS,16.333,29.296
BOR,16.333,30.283
LIN,16.333,31.909
LAW,16.333,33.071
TSU,16.333,36.567
COL,16.333,35.694
OCO,16.333,39.818
ALB,16.333,47.946
BEA,16.333,41.191
STR,16.333,48.354
BOT,16.333,57.24
PER,16.333,271.512
SAI,16.333,89.286
ALO,16.333,48.986
RUS,16.667,0.0
NOR,16.667,0.986
LEC,16.667,1.518
PIA,16.667,7.453
ANT,16.667,2.642
VER,16.667,8.974
HAM,16.667,9.703
GAS,16.667,29.615
BOR,16.667,30.668
LIN,16.667,32.281
LAW,16.667,33.474
TSU,16.667,37.154
COL,16.667,36.48
OCO,16.667,40.656
ALB,16.667,49.15
BEA,16.667,41.848
STR,16.667,49.321
BOT,16.667,58.298
PER,16.667,272.598
SAI,16.667,90.958
ALO,16.667,49.946
RUS,17.000,0.0
NOR,17.000,1.172
LEC,17.000,1.396
PIA,17.000,7.578
ANT,17.000,2.5060000000000002
VER,17.000,8.946
HAM,17.000,9.546
GAS,17.000,29.944
BOR,17.000,30.955
LIN,17.000,32.431
LAW,17.000,33.793
TSU,17.000,37.671
COL,17.000,36.793
OCO,17.000,41.167
ALB,17.000,49.572
BEA,17.000,42.295
STR,17.000,50.116
BOT,17.000,58.879
PER,17.000,273.389
SAI,17.000,91.587
ALO,17.000,50.94
RUS,17.333,0.0
NOR,17.333,2.112
LEC,17.333,1.541
PIA,17.333,7.457
ANT,17.333,2.502
VER,17.333,8.823
HAM,17.333,9.649000000000001
GAS,17.333,30.408
BOR,17.333,31.422
LIN,17.333,32.645
LAW,17.333,34.283
TSU,17.333,38.074
COL,17.333,37.191
OCO,17.333,41.807
ALB,17.333,50.304
BEA,17.333,42.725
STR,17.333,50.932
BOT,17.333,59.831
PER,17.333,274.13
SAI,17.333,92.292
ALO,17.333,51.529
RUS,17.667,0.0
NOR,17.667,2.572
LEC,17.667,1.552
PIA,17.667,7.588
ANT,17.667,3.199
VER,17.667,8.964
HAM,17.667,9.895
GAS,17.667,31.082
BOR,17.667,32.116
LIN,17.667,33.558
LAW,17.667,34.808
TSU,17.667,38.904
COL,17.667,38.08
OCO,17.667,42.76
ALB,17.667,51.481
BEA,17.667,43.567
STR,17.667,51.877
BOT,17.667,61.116
PER,17.667,275.273
SAI,17.667,93.514
ALO,17.667,52.442
RUS,18.000,0.0
NOR,18.000,2.82
LEC,18.000,1.3900000000000001
PIA,18.000,7.755
ANT,18.000,3.324
VER,18.000,9.032
HAM,18.000,9.859
GAS,18.000,31.5
BOR,18.000,32.511
LIN,18.000,34.029
LAW,18.000,35.391
TSU,18.000,39.4
COL,18.000,38.477
OCO,18.000,43.31
ALB,18.000,51.986
BEA,18.000,44.028
STR,18.000,52.437
BOT,18.000,61.854
PER,18.000,276.013
SAI,18.000,94.043
ALO,18.000,53.044
RUS,18.333,0.0
NOR,18.333,2.844
LEC,18.333,1.429
PIA,18.333,7.964
ANT,18.333,3.505
VER,18.333,9.141
HAM,18.333,9.802
GAS,18.333,31.937
BOR,18.333,33.117
LIN,18.333,34.633
LAW,18.333,36.151
TSU,18.333,39.858
COL,18.333,38.961
OCO,18.333,44.012
ALB,18.333,52.88
BEA,18.333,44.78
STR,18.333,53.335
BOT,18.333,63.108
PER,18.333,277.081
SAI,18.333,94.978
ALO,18.333,53.836
RUS,18.667,0.0
NOR,18.667,2.9
LEC,18.667,1.35
PIA,18.667,8.085
ANT,18.667,3.832
VER,18.667,9.188
HAM,18.667,10.21
GAS,18.667,32.239
BOR,18.667,33.589
LIN,18.667,35.219
LAW,18.667,36.492
TSU,18.667,40.731
COL,18.667,39.83
OCO,18.667,44.929
ALB,18.667,53.796
BEA,18.667,45.785
STR,18.667,54.189
BOT,18.667,64.255
PER,18.667,278.332
SAI,18.667,96.313
ALO,18.667,54.623
RUS,19.000,0.0
NOR,19.000,2.9370000000000003
LEC,19.000,1.319
PIA,19.000,8.323
ANT,19.000,3.828
VER,19.000,9.302
HAM,19.000,10.505
GAS,19.000,32.443
BOR,19.000,34.059
LIN,19.000,35.452
LAW,19.000,36.912
TSU,19.000,41.31
COL,19.000,40.35
OCO,19.000,45.489
ALB,19.000,54.363
BEA,19.000,46.421
STR,19.000,54.795
BOT,19.000,65.044
PER,19.000,279.079
SAI,19.000,97.112
ALO,19.000,55.312
RUS,19.333,0.0
NOR,19.333,2.92
LEC,19.333,1.347
PIA,19.333,8.431
ANT,19.333,3.672
VER,19.333,9.516
HAM,19.333,10.677
GAS,19.333,32.944
BOR,19.333,34.649
LIN,19.333,35.91
LAW,19.333,37.508
TSU,19.333,41.817
COL,19.333,40.881
OCO,19.333,46.184
ALB,19.333,55.122
BEA,19.333,47.1
STR,19.333,55.654
BOT,19.333,65.923
PER,19.333,279.942
SAI,19.333,97.981
ALO,19.333,56.059
RUS,19.667,0.0
NOR,19.667,2.983
LEC,19.667,1.41
PIA,19.667,8.422
ANT,19.667,3.947
VER,19.667,9.404
HAM,19.667,10.937
GAS,19.667,33.391
BOR,19.667,35.02
LIN,19.667,36.416
LAW,19.667,37.751
TSU,19.667,42.578
COL,19.667,41.631
OCO,19.667,47.155
ALB,19.667,56.157
BEA,19.667,47.991
STR,19.667,56.519
BOT,19.667,67.024
PER,19.667,280.975
SAI,19.667,99.266
ALO,19.667,56.91
RUS,20.000,0.0
NOR,20.000,3.201
LEC,20.000,1.397
PIA,20.000,8.641
ANT,20.000,3.922
VER,20.000,9.365
HAM,20.000,11.008
GAS,20.000,33.637
BOR,20.000,35.38
LIN,20.000,36.769
LAW,20.000,38.239
TSU,20.000,43.095
COL,20.000,42.157
OCO,20.000,47.899
ALB,20.000,56.743
BEA,20.000,48.555
STR,20.000,57.278
BOT,20.000,67.815
PER,20.000,281.915
SAI,20.000,99.923
ALO,20.000,57.731
RUS,20.333,0.0
NOR,20.333,3.117
LEC,20.333,1.484
PIA,20.333,8.684
ANT,20.333,3.73
VER,20.333,9.381
HAM,20.333,11.093
GAS,20.333,34.202
BOR,20.333,36.042
LIN,20.333,
LAW,20.333,39.031
TSU,20.333,43.66
COL,20.333,42.613
OCO,20.333,48.808
ALB,20.333,57.514
BEA,20.333,49.236
STR,20.333,58.158
BOT,20.333,68.754
PER,20.333,286.797
SAI,20.333,100.913
ALO,20.333,58.537
RUS,20.667,0.0
NOR,20.667,3.202
LEC,20.667,1.468
PIA,20.667,8.789
ANT,20.667,4.023
VER,20.667,9.597
HAM,20.667,11.226
GAS,20.667,34.629
BOR,20.667,36.442
LIN,20.667,37.93
LAW,20.667,39.302
TSU,20.667,44.47
COL,20.667,43.354
OCO,20.667,49.859
ALB,20.667,58.671
BEA,20.667,50.358
STR,20.667,59.116
BOT,20.667,69.825
PER,20.667,288.338
SAI,20.667,102.31
ALO,20.667,60.374
RUS,21.000,0.0
NOR,21.000,3.377
LEC,21.000,1.331
PIA,21.000,9.002
ANT,21.000,3.899
VER,21.000,9.856
HAM,21.000,11.227
GAS,21.000,35.011
BOR,21.000,36.908
LIN,21.000,38.403
LAW,21.000,39.714
TSU,21.000,45.045
COL,21.000,43.881
OCO,21.000,50.485
ALB,21.000,59.299
BEA,21.000,51.11
STR,21.000,59.774
BOT,21.000,70.635
PER,21.000,292.016
SAI,21.000,103.001
ALO,21.000,61.268
RUS,21.333,0.0
NOR,21.333,3.5220000000000002
LEC,21.333,1.55
PIA,21.333,9.135
ANT,21.333,3.995
VER,21.333,10.036
HAM,21.333,11.366
GAS,21.333,35.595
BOR,21.333,37.536
LIN,21.333,38.901
LAW,21.333,40.515
TSU,21.333,45.508
COL,21.333,44.445
OCO,21.333,51.31
ALB,21.333,60.365
BEA,21.333,51.918
STR,21.333,60.852
BOT,21.333,71.805
SAI,21.333,104.21
ALO,21.333,61.971
RUS,21.667,0.0
NOR,21.667,3.578
LEC,21.667,1.465
PIA,21.667,9.081
ANT,21.667,4.336
VER,21.667,10.01
HAM,21.667,11.55
GAS,21.667,35.896
BOR,21.667,38.036
LIN,21.667,39.391
LAW,21.667,40.714
TSU,21.667,46.247
COL,21.667,45.26
OCO,21.667,52.31
ALB,21.667,61.404
BEA,21.667,52.938
STR,21.667,61.763
BOT,21.667,72.784
SAI,21.667,105.491
ALO,21.667,62.562
RUS,22.000,0.0
NOR,22.000,3.6710000000000003
LEC,22.000,1.449
PIA,22.000,9.389
ANT,22.000,4.3870000000000005
VER,22.000,10.202
HAM,22.000,11.697
GAS,22.000,36.241
BOR,22.000,38.487
LIN,22.000,39.783
LAW,22.000,41.154
TSU,22.000,46.698
COL,22.000,45.796
OCO,22.000,52.838
ALB,22.000,61.991
BEA,22.000,53.378
STR,22.000,62.481
BOT,22.000,73.534
SAI,22.000,106.224
ALO,22.000,63.133
RUS,22.333,0.0
NOR,22.333,3.598
LEC,22.333,1.329
PIA,22.333,9.463
ANT,22.333,4.149
VER,22.333,10.164
HAM,22.333,11.843
GAS,22.333,36.755
BOR,22.333,39.041
LIN,22.333,40.19
LAW,22.333,41.622
TSU,22.333,47.126
COL,22.333,46.693
OCO,22.333,53.641
ALB,22.333,62.688
BEA,22.333,53.915
STR,22.333,63.214
BOT,22.333,74.598
SAI,22.333,108.102
ALO,22.333,63.698
RUS,22.667,0.0
NOR,22.667,3.922
LEC,22.667,1.2610000000000001
PIA,22.667,9.535
ANT,22.667,4.338
VER,22.667,10.13
HAM,22.667,11.915
GAS,22.667,37.114
BOR,22.667,39.538
LIN,22.667,40.768
LAW,22.667,41.927
TSU,22.667,48.035
COL,22.667,47.382
OCO,22.667,54.471
ALB,22.667,63.655
BEA,22.667,54.862
STR,22.667,64.051
BOT,22.667,76.735
SAI,22.667,109.662
ALO,22.667,64.481
RUS,23.000,0.0
NOR,23.000,4.216
LEC,23.000,1.231
PIA,23.000,9.795
ANT,23.000,4.5280000000000005
VER,23.000,10.35
HAM,23.000,12.069
GAS,23.000,37.654
BOR,23.000,39.998
LIN,23.000,41.114
LAW,23.000,42.319
TSU,23.000,48.643
COL,23.000,48.012
OCO,23.000,55.102
ALB,23.000,64.243
BEA,23.000,55.567
STR,23.000,64.893
BOT,23.000,80.773
SAI,23.000,114.558
ALO,23.000,65.438
RUS,23.333,0.0
NOR,23.333,4.82
LEC,23.333,1.426
PIA,23.333,10.181
ANT,23.333,5.243
VER,23.333,10.514
HAM,23.333,12.211
GAS,23.333,39.713
BOR,23.333,41.849
LIN,23.333,42.499
LAW,23.333,44.566
TSU,23.333,51.961
COL,23.333,51.065
OCO,23.333,60.536
ALB,23.333,69.794
BEA,23.333,61.466
STR,23.333,70.226
ALO,23.333,70.542
RUS,23.667,0.0
NOR,23.667,5.053
LEC,23.667,1.254
PIA,23.667,9.984
ANT,23.667,5.5809999999999995
VER,23.667,10.461
HAM,23.667,12.174
GAS,23.667,40.185
BOR,23.667,42.251
LIN,23.667,42.97
LAW,23.667,44.704
TSU,23.667,52.915
COL,23.667,51.931
OCO,23.667,62.575
ALB,23.667,71.404
BEA,23.667,63.302
STR,23.667,71.745
ALO,23.667,72.359
RUS,24.000,0.0
NOR,24.000,5.211
LEC,24.000,1.357
PIA,24.000,10.187
ANT,24.000,5.578
VER,24.000,10.538
HAM,24.000,12.188
GAS,24.000,42.504
BOR,24.000,44.438
LIN,24.000,44.978
LAW,24.000,47.477
TSU,24.000,56.476
COL,24.000,54.479
OCO,24.000,66.105
ALB,24.000,74.609
BEA,24.000,66.582
STR,24.000,74.644
ALO,24.000,75.283
